NDM,stage
1.254380266,ND
0,ND
0,ND
0,ND
0,ND
0,ND
0,ND
0,ND
0,ND
1.029477407,ND
1.181697614,ND
0.913954035,ND
0,ND
0,ND
0,ND
0,ND
0,ND
1.068558905,ND
0,ND
0,ND
1.142733566,ND
0,ND
0,ND
0,ND
0,ND
0,ND
1.186740258,ND
0,ND
0,ND
0.923622598,ND
0,ND
0,ND
0.937865143,ND
0,ND
0,ND
0,ND
0,ND
0,ND
0,ND
0,ND
0.843790502,ND
0,ND
0,ND
0,ND
0,ND
0,ND
0.471156367,ND
0,ND
1.242497039,ND
0,ND
0,ND
0,ND
0,ND
0,ND
0,ND
0,ND
0,ND
1.178608367,ND
1.042731435,ND
0,ND
0,ND
0,ND
1.232049293,ND
1.197664945,ND
0,ND
0,ND
0,ND
0,ND
0,ND
0,ND
0,ND
0,ND
1.000868302,ND
0,ND
0,ND
0,ND
0,ND
0,ND
0,ND
0,ND
0,ND
0,ND
0,ND
0,ND
0,ND
0,ND
0,ND
0,ND
0,ND
0,ND
0.830873798,ND
0,ND
0,ND
0,ND
1.085420054,ND
0.476921693,ND
0,ND
0,ND
0,ND
0.990303335,ND
1.082605813,ND
0,ND
0,ND
0,ND
0,ND
1.352816566,ND
0,ND
0,ND
0.954315848,ND
0,ND
1.271522991,ND
0,ND
0,ND
0,ND
0,ND
0,ND
0,ND
0,ND
0,ND
1.27781014,ND
0,ND
0,ND
0,ND
0,ND
0.966017414,ND
0,ND
0,ND
0,ND
0,ND
0,ND
1.194184894,ND
0,ND
0,ND
0,ND
0,ND
0,ND
1.428397988,ND
1.02668473,ND
1.500526937,ND
0,ND
0,ND
0,ND
1.271123861,ND
0,ND
1.251720191,ND
0,ND
0,ND
0,ND
0,ND
0,ND
1.287174093,ND
0,ND
1.254069546,ND
1.226670656,ND
0,ND
0.842518225,ND
0.924108968,ND
1.32225928,ND
0.944085334,ND
1.152792335,ND
0,ND
0,ND
0,ND
0,ND
1.09744445,ND
0,ND
0,ND
0,ND
0,ND
0.960883772,ND
0,ND
0,ND
0,ND
1.231393445,ND
0.940758397,ND
0,ND
0,ND
0,ND
0,ND
0,ND
0,ND
0,ND
0,ND
0,ND
0,ND
0,ND
0,ND
0,ND
0,ND
0,ND
1.23876286,ND
0,ND
0,ND
0,ND
0,ND
0,ND
0,ND
0,ND
0,ND
0,ND
0,ND
0,ND
1.156339636,ND
0,ND
0,ND
0,ND
0,ND
0.972673785,ND
0.793811367,ND
0,ND
0,ND
0.894808063,ND
0,ND
0,ND
0,ND
0.835410338,ND
0.839208652,ND
1.175775124,ND
0,ND
0,ND
0,ND
0,ND
0,ND
0,ND
0,ND
0,ND
0,ND
0,ND
0,ND
1.170865907,ND
0,ND
0,ND
0,ND
0,ND
0,ND
0,ND
0,ND
0,ND
0,ND
1.286258895,ND
1.203373046,ND
0,ND
0,ND
0,ND
0,ND
0,ND
0,ND
0,ND
0.913978067,ND
0,ND
0,ND
1.159778738,ND
0,ND
0,ND
0,ND
0,ND
0,ND
0,ND
0,ND
0,ND
0,ND
0,ND
0,ND
0,ND
1.265271388,ND
0,ND
0,ND
0,ND
0,ND
0,ND
1.221400122,ND
0,ND
0,ND
1.252418859,ND
1.188371694,ND
0,ND
1.193953264,ND
0,ND
0,ND
0,ND
0,ND
0.934236412,ND
0,ND
0,ND
0.848728999,ND
0,ND
0,ND
0,ND
0,ND
0,ND
0,ND
0,ND
0,ND
0.779296316,ND
0,ND
0,ND
0,ND
0,ND
1.081171388,ND
0,ND
0,ND
0,ND
0,ND
0,ND
0,ND
0,ND
1.176087932,ND
0,ND
0,ND
0,ND
0.90533604,ND
0,ND
0,ND
0,ND
0,ND
0,ND
0,ND
1.279942159,ND
0,ND
0,ND
0,ND
0,ND
0,ND
1.238513278,ND
0,ND
1.190552677,ND
0,ND
0,ND
0,ND
0,ND
1.385512474,ND
0,ND
0,ND
0.62208313,ND
0,ND
0,ND
0,ND
0.713991015,ND
0,ND
0.961233346,ND
1.195176371,ND
0,ND
0,ND
0,ND
0,ND
0,ND
0,ND
0,ND
0,ND
0,ND
0,ND
1.207520623,ND
0,ND
0,ND
0,ND
0,ND
1.360947352,ND
0,ND
0,ND
0,ND
0,ND
0,ND
0,ND
0,ND
0,ND
0,ND
0,ND
0,ND
0,ND
0,ND
0,ND
0,ND
1.323042445,ND
0,ND
0,ND
0,ND
0,ND
0,ND
1.035409791,ND
0,ND
0,T2D
1.342212807,T2D
1.201155561,T2D
0,T2D
0,T2D
1.058537875,T2D
1.276449432,T2D
0,T2D
0,T2D
1.332485104,T2D
1.446153055,T2D
0,T2D
0,T2D
0,T2D
1.377771948,T2D
0,T2D
0,T2D
0,T2D
0,T2D
0,T2D
0,T2D
1.097013533,T2D
0.6055297,T2D
0.959240741,T2D
1.115879122,T2D
1.192480048,T2D
1.198244725,T2D
1.242759959,T2D
0.523427003,T2D
1.224878728,T2D
0,T2D
1.418894869,T2D
0,T2D
1.391741714,T2D
0.972492093,T2D
1.430790879,T2D
1.150674842,T2D
1.467316882,T2D
1.003104962,T2D
1.01548952,T2D
1.325333292,T2D
1.375255077,T2D
0.672236884,T2D
0,T2D
0.905391907,T2D
0.863914526,T2D
0.976062973,T2D
1.287979545,T2D
1.382276119,T2D
0,T2D
1.315597205,T2D
0.958738419,T2D
0,T2D
0,T2D
0,T2D
0,T2D
0,T2D
0,T2D
0,T2D
0,T2D
1.368967303,T2D
1.003462981,T2D
0,T2D
0,T2D
1.385875676,T2D
0,T2D
0,T2D
0,T2D
0,T2D
0,T2D
0.962110319,T2D
0,T2D
0.997826787,T2D
0,T2D
0.509595346,T2D
1.335106962,T2D
1.271398644,T2D
0,T2D
0,T2D
1.31461979,T2D
0.655405777,T2D
1.392779501,T2D
1.301483052,T2D
0,T2D
1.043013612,T2D
1.105976075,T2D
0,T2D
0,T2D
0,T2D
0.968008451,T2D
1.073555109,T2D
0.567575754,T2D
0,T2D
0,T2D
0,T2D
0,T2D
0,T2D
0,T2D
0,T2D
0,T2D
0,T2D
0,T2D
0,T2D
1.136006705,T2D
1.11357522,T2D
0,T2D
0,T2D
0,T2D
0,T2D
0,T2D
0.455687021,T2D
0,T2D
0,T2D
0,T2D
0,T2D
0,T2D
0,T2D
0.912461465,T2D
0,T2D
0,T2D
0,T2D
0,T2D
0,T2D
1.141003306,T2D
0,T2D
1.034393122,T2D
0,T2D
0,T2D
1.282024425,T2D
0,T2D
0,T2D
0,T2D
0,T2D
0,T2D
0.704072363,T2D
0,T2D
0,T2D
0,T2D
0,T2D
0,T2D
0,T2D
0,T2D
0,T2D
0,T2D
0,T2D
1.337580782,T2D
1.211024059,T2D
0.546256861,T2D
0,T2D
0,T2D
1.215507332,T2D
0,T2D
0,T2D
1.333638601,T2D
0,T2D
0,T2D
0,T2D
0,T2D
0,T2D
0.971135746,T2D
0,T2D
0,T2D
0,T2D
0,T2D
0.931709872,T2D
1.151171981,T2D
0,T2D
0,T2D
0,T2D
1.076209521,T2D
0,T2D
0,T2D
0,T2D
0,T2D
0,T2D
0,T2D
1.377387068,T2D
1.253217767,T2D
0,T2D
0,T2D
0,T2D
0,T2D
0,T2D
0,T2D
0,T2D
1.211309119,T2D
0.882353229,T2D
0,T2D
0,T2D
1.530645288,T2D
0,T2D
0,T2D
0,T2D
0,T2D
0,T2D
0,T2D
1.352895236,T2D
0,T2D
0,T2D
0,T2D
0,T2D
0.505647005,T2D
1.358307768,T2D
0,T2D
1.313228078,T2D
0,T2D
0,T2D
0.970755673,T2D
1.126868537,T2D
1.359582418,T2D
1.290709162,T2D
0,T2D
1.321241421,T2D
0,T2D
1.321764474,T2D
1.189030821,T2D
0,T2D
0,T2D
0,T2D
0,T2D
1.327468022,T2D
1.313351095,T2D
1.310057194,T2D
0,T2D
0,T2D
0,T2D
1.431731059,T2D
0,T2D
0.968344998,T2D
0,T2D
0,T2D
0,T2D
0,T2D
0,T2D
0,T2D
0,T2D
1.000413685,T2D
0,T2D
0,T2D
1.262531491,T2D
0,T2D
0.454771372,T2D
0,T2D
0.473063482,T2D
0,T2D
0,T2D
0.908016914,T2D
0,T2D
0,T2D
0,T2D
1.078130846,T2D
0,T2D
0,T2D
1.311690439,T2D
0,T2D
1.326236302,T2D
0,T2D
1.074010722,T2D
